<?xml version='1.0' encoding='UTF-8' ?>
<timeLogEntries>
  <time id="1" path="/Proyecto" start="@1413854665954" />
  <time id="2" path="/Non Project/PSP Fundamentals &amp; Advanced/Program 1/Planning" start="@1413858080953" delta="3" interrupt="5" />
  <time id="3" path="/Non Project/PSP Fundamentals &amp; Advanced/Program 1/Planning" start="@1413858760068" delta="4" interrupt="1" />
  <time id="4" path="/Non Project/PSP Fundamentals &amp; Advanced/Program 1/Planning" start="@1413859381392" delta="2" interrupt="3" />
  <time id="5" path="/Non Project/PSP Fundamentals &amp; Advanced/Program 1/Design" start="@1413859755108" delta="5" interrupt="2" />
  <time id="6" path="/Non Project/PSP Fundamentals &amp; Advanced/Program 1/Code" start="@1413860255491" delta="3" />
  <time id="7" path="/Non Project/PSP Fundamentals &amp; Advanced/Program 1/Code" start="@1413861416787" delta="10" interrupt="7" />
  <time id="8" path="/Non Project/PSP Fundamentals &amp; Advanced/Program 1/Code" start="@1413862488535" delta="4" />
  <time id="9" path="/Non Project/PSP Fundamentals &amp; Advanced/Program 1/Code" start="@1413863202456" delta="5" />
  <time id="10" path="/Non Project/PSP Fundamentals &amp; Advanced/Program 1/Design" start="@1413864049347" delta="7" />
  <time id="11" path="/Non Project/PSP Fundamentals &amp; Advanced/Program 1/Code" start="@1413867232238" delta="9" />
  <time id="12" path="/Non Project/PSP Fundamentals &amp; Advanced/Program 1/Code" start="@1413868285227" delta="1" />
  <time id="13" path="/Non Project/PSP Fundamentals &amp; Advanced/Program 1/Test" start="@1413868390169" delta="3" />
  <time id="14" path="/Non Project/PSP Fundamentals &amp; Advanced/Program 1/Code" start="@1413868778514" delta="5" />
  <time id="15" path="/Non Project/PSP Fundamentals &amp; Advanced/Program 1/Code" start="@1413870426049" delta="4" />
  <time id="16" path="/Non Project/PSP Fundamentals &amp; Advanced/Program 1/Test" start="@1413871059643" delta="6" />
  <time id="17" path="/Non Project/PSP Fundamentals &amp; Advanced/Program 1/Code" start="@1413872283991" delta="18" interrupt="2" />
  <time id="18" path="/Non Project/PSP Fundamentals &amp; Advanced/Program 1/Test" start="@1413875002711" delta="4" />
  <time id="19" path="/Non Project/PSP Fundamentals &amp; Advanced/Program 1/Compile" start="@1413875278439" delta="15" />
  <time id="20" path="/Non Project/PSP Fundamentals &amp; Advanced/Program 1/Code" start="@1413875563317" delta="3" />
  <time id="21" path="/Non Project/PSP Fundamentals &amp; Advanced/Program 1/Compile" start="@1413875746223" delta="12" />
  <time id="22" path="/Non Project/PSP Fundamentals &amp; Advanced/Program 1/Planning" start="@1413909796062" delta="3" />
  <time id="23" path="/Non Project/PSP Fundamentals &amp; Advanced/Program 1/Code" start="@1413909950505" delta="4" />
  <time id="24" path="/Non Project/PSP Fundamentals &amp; Advanced/Program 1/Planning" start="@1413910620440" delta="4" interrupt="2" />
  <time id="25" path="/Non Project/PSP Fundamentals &amp; Advanced/Program 1/Code" start="@1413911008031" delta="2" />
  <time id="26" path="/Non Project/PSP Fundamentals &amp; Advanced/Program 1/Design" start="@1413912455622" delta="6" />
  <time id="27" path="/Non Project/PSP Fundamentals &amp; Advanced/Program 1/Code" start="@1413912805895" delta="3" />
  <time id="28" path="/Non Project/PSP Fundamentals &amp; Advanced/Program 1/Code" start="@1413913563584" delta="6" />
  <time id="29" path="/Non Project/PSP Fundamentals &amp; Advanced/Program 1/Code" start="@1413942222786" delta="10" interrupt="2" />
  <time id="30" path="/Non Project/PSP Fundamentals &amp; Advanced/Program 1/Code" start="@1413943550849" delta="12" interrupt="3" />
  <time id="31" path="/Non Project/PSP Fundamentals &amp; Advanced/Program 1/Code" start="@1413944984521" delta="5" interrupt="11" />
  <time id="32" path="/Non Project/PSP Fundamentals &amp; Advanced/Program 1/Code" start="@1413946800161" delta="5" />
  <time id="33" path="/Non Project/PSP Fundamentals &amp; Advanced/Program 1/Code" start="@1413947784967" delta="8" />
  <time id="34" path="/Non Project/PSP Fundamentals &amp; Advanced/Program 1/Test" start="@1414312957799" delta="1" />
  <time id="35" path="/Non Project/PSP Fundamentals &amp; Advanced/Program 1/Design" start="@1414313024812" delta="5" />
  <time id="36" path="/Non Project/PSP Fundamentals &amp; Advanced/Program 1/Code" start="@1414313328633" delta="5" />
  <time id="37" path="/Non Project/PSP Fundamentals &amp; Advanced/Program 1/Code" start="@1414313987741" delta="1" />
  <time id="38" path="/Non Project/PSP Fundamentals &amp; Advanced/Program 1/Test" start="@1414314076045" delta="15" />
  <time id="39" path="/Non Project/PSP Fundamentals &amp; Advanced/Program 1/Compile" start="@1414314982000" delta="20" />
  <time id="40" path="/Non Project/PSP Fundamentals &amp; Advanced/Program 1/Code" start="@1414315290433" delta="36" />
  <time id="41" path="/Non Project/PSP Fundamentals &amp; Advanced/Program 1/Code" start="@1414350302656" delta="2" interrupt="5" />
  <time id="42" path="/Non Project/PSP Fundamentals &amp; Advanced/Program 1/Design" start="@1414350788251" delta="2" />
  <time id="43" path="/Non Project/PSP Fundamentals &amp; Advanced/Program 1/Design" start="@1414351412987" delta="9" />
  <time id="44" path="/Non Project/PSP Fundamentals &amp; Advanced/Program 1/Test" start="@1414351935883" delta="5" interrupt="2" />
  <time id="45" path="/Non Project/PSP Fundamentals &amp; Advanced/Program 1/Design" start="@1414352400117" delta="4" />
  <time id="46" path="/Non Project/PSP Fundamentals &amp; Advanced/Program 1/Design" start="@1414353732964" delta="4" />
  <time id="47" path="/Non Project/PSP Fundamentals &amp; Advanced/Program 1/Compile" start="@1414353977000" delta="10" />
  <time id="48" path="/Non Project/PSP Fundamentals &amp; Advanced/Program 1/Planning" start="@1414354476878" delta="16" />
  <time id="49" path="/Non Project/PSP Fundamentals &amp; Advanced/Program 1/Code" start="@1414355424542" delta="18" />
  <time id="50" path="/Non Project/PSP Fundamentals &amp; Advanced/Program 1/Postmortem" start="@1414448162205" delta="19" />
</timeLogEntries>
