<?xml version='1.0' encoding='UTF-8' ?>
<timeLogEntries>
  <time id="1" path="/Proyecto" start="@1413854665954" />
  <time id="2" path="/Non Project/PSP Fundamentals &amp; Advanced/Program 1/Planning" start="@1413858080953" delta="3" interrupt="5" />
  <time id="3" path="/Non Project/PSP Fundamentals &amp; Advanced/Program 1/Planning" start="@1413858760068" delta="4" interrupt="1" />
  <time id="4" path="/Non Project/PSP Fundamentals &amp; Advanced/Program 1/Planning" start="@1413859381392" delta="2" interrupt="3" />
  <time id="5" path="/Non Project/PSP Fundamentals &amp; Advanced/Program 1/Design" start="@1413859755108" delta="5" interrupt="2" />
  <time id="6" path="/Non Project/PSP Fundamentals &amp; Advanced/Program 1/Code" start="@1413860255491" delta="3" />
  <time id="7" path="/Non Project/PSP Fundamentals &amp; Advanced/Program 1/Code" start="@1413861416787" delta="10" interrupt="7" />
  <time id="8" path="/Non Project/PSP Fundamentals &amp; Advanced/Program 1/Code" start="@1413862488535" delta="4" />
  <time id="9" path="/Non Project/PSP Fundamentals &amp; Advanced/Program 1/Code" start="@1413863202456" delta="5" />
  <time id="10" path="/Non Project/PSP Fundamentals &amp; Advanced/Program 1/Design" start="@1413864049347" delta="7" />
  <time id="11" path="/Non Project/PSP Fundamentals &amp; Advanced/Program 1/Code" start="@1413867232238" delta="9" />
  <time id="12" path="/Non Project/PSP Fundamentals &amp; Advanced/Program 1/Code" start="@1413868285227" delta="1" />
  <time id="13" path="/Non Project/PSP Fundamentals &amp; Advanced/Program 1/Test" start="@1413868390169" delta="3" />
  <time id="14" path="/Non Project/PSP Fundamentals &amp; Advanced/Program 1/Code" start="@1413868778514" delta="5" />
  <time id="15" path="/Non Project/PSP Fundamentals &amp; Advanced/Program 1/Code" start="@1413870426049" delta="4" />
  <time id="16" path="/Non Project/PSP Fundamentals &amp; Advanced/Program 1/Test" start="@1413871059643" delta="6" />
  <time id="17" path="/Non Project/PSP Fundamentals &amp; Advanced/Program 1/Code" start="@1413872283991" delta="18" interrupt="2" />
  <time id="18" path="/Non Project/PSP Fundamentals &amp; Advanced/Program 1/Test" start="@1413875002711" delta="4" />
  <time id="19" path="/Non Project/PSP Fundamentals &amp; Advanced/Program 1/Compile" start="@1413875278439" delta="15" />
  <time id="20" path="/Non Project/PSP Fundamentals &amp; Advanced/Program 1/Code" start="@1413875563317" delta="3" />
  <time id="21" path="/Non Project/PSP Fundamentals &amp; Advanced/Program 1/Compile" start="@1413875746223" delta="12" />
  <time id="22" path="/Non Project/PSP Fundamentals &amp; Advanced/Program 1/Planning" start="@1413909796062" delta="3" />
  <time id="23" path="/Non Project/PSP Fundamentals &amp; Advanced/Program 1/Code" start="@1413909950505" delta="4" />
  <time id="24" path="/Non Project/PSP Fundamentals &amp; Advanced/Program 1/Planning" start="@1413910620440" delta="4" interrupt="2" />
  <time id="25" path="/Non Project/PSP Fundamentals &amp; Advanced/Program 1/Code" start="@1413911008031" delta="2" />
  <time id="26" path="/Non Project/PSP Fundamentals &amp; Advanced/Program 1/Design" start="@1413912455622" delta="6" />
  <time id="27" path="/Non Project/PSP Fundamentals &amp; Advanced/Program 1/Code" start="@1413912805895" delta="3" />
  <time id="28" path="/Non Project/PSP Fundamentals &amp; Advanced/Program 1/Code" start="@1413913563584" delta="6" />
  <time id="29" path="/Non Project/PSP Fundamentals &amp; Advanced/Program 1/Code" start="@1413942222786" delta="10" interrupt="2" />
  <time id="30" path="/Non Project/PSP Fundamentals &amp; Advanced/Program 1/Code" start="@1413943550849" delta="12" interrupt="3" />
  <time id="31" path="/Non Project/PSP Fundamentals &amp; Advanced/Program 1/Code" start="@1413944984521" delta="5" interrupt="11" />
  <time id="32" path="/Non Project/PSP Fundamentals &amp; Advanced/Program 1/Code" start="@1413946800161" delta="5" />
  <time id="33" path="/Non Project/PSP Fundamentals &amp; Advanced/Program 1/Code" start="@1413947784967" delta="8" />
  <time id="34" path="/Non Project/PSP Fundamentals &amp; Advanced/Program 1/Test" start="@1414312957799" delta="1" />
  <time id="35" path="/Non Project/PSP Fundamentals &amp; Advanced/Program 1/Design" start="@1414313024812" delta="5" />
  <time id="36" path="/Non Project/PSP Fundamentals &amp; Advanced/Program 1/Code" start="@1414313328633" delta="5" />
  <time id="37" path="/Non Project/PSP Fundamentals &amp; Advanced/Program 1/Code" start="@1414313987741" delta="1" />
  <time id="38" path="/Non Project/PSP Fundamentals &amp; Advanced/Program 1/Test" start="@1414314076045" delta="15" />
  <time id="39" path="/Non Project/PSP Fundamentals &amp; Advanced/Program 1/Compile" start="@1414314982000" delta="20" />
  <time id="40" path="/Non Project/PSP Fundamentals &amp; Advanced/Program 1/Code" start="@1414315290433" delta="36" />
  <time id="41" path="/Non Project/PSP Fundamentals &amp; Advanced/Program 1/Code" start="@1414350302656" delta="2" interrupt="5" />
  <time id="42" path="/Non Project/PSP Fundamentals &amp; Advanced/Program 1/Design" start="@1414350788251" delta="2" />
  <time id="43" path="/Non Project/PSP Fundamentals &amp; Advanced/Program 1/Design" start="@1414351412987" delta="9" />
  <time id="44" path="/Non Project/PSP Fundamentals &amp; Advanced/Program 1/Test" start="@1414351935883" delta="5" interrupt="2" />
  <time id="45" path="/Non Project/PSP Fundamentals &amp; Advanced/Program 1/Design" start="@1414352400117" delta="4" />
  <time id="46" path="/Non Project/PSP Fundamentals &amp; Advanced/Program 1/Design" start="@1414353732964" delta="4" />
  <time id="47" path="/Non Project/PSP Fundamentals &amp; Advanced/Program 1/Compile" start="@1414353977000" delta="10" />
  <time id="48" path="/Non Project/PSP Fundamentals &amp; Advanced/Program 1/Planning" start="@1414354476878" delta="16" />
  <time id="49" path="/Non Project/PSP Fundamentals &amp; Advanced/Program 1/Code" start="@1414355424542" delta="18" />
  <time id="50" path="/Non Project/PSP Fundamentals &amp; Advanced/Program 1/Postmortem" start="@1414448162205" delta="19" />
  <time id="51" path="/Non Project/PSP Fundamentals &amp; Advanced/Program 2/Planning" start="@1415153956129" delta="14" interrupt="2" />
  <time id="52" path="/Non Project/PSP Fundamentals &amp; Advanced/Program 2/Code" start="@1415154959071" delta="36" />
  <time id="53" path="/Non Project/PSP Fundamentals &amp; Advanced/Program 2/Planning" start="@1415155295650" delta="2" />
  <time id="54" path="/Non Project/PSP Fundamentals &amp; Advanced/Program 2/Planning" start="@1415157169308" delta="3" />
  <time id="55" path="/Non Project/PSP Fundamentals &amp; Advanced/Program 2/Code" start="@1415157330895" delta="20" />
  <time id="56" path="/Non Project/PSP Fundamentals &amp; Advanced/Program 2/Design" start="@1415158930633" delta="46" />
  <time id="57" path="/Non Project/PSP Fundamentals &amp; Advanced/Program 2/Planning" start="@1415161612961" delta="7" />
  <time id="58" path="/Non Project/PSP Fundamentals &amp; Advanced/Program 2/Planning" start="@1415166431105" delta="15" />
  <time id="59" path="/Non Project/PSP Fundamentals &amp; Advanced/Program 2/Code" start="@1415167350726" delta="66" />
  <time id="60" path="/Non Project/PSP Fundamentals &amp; Advanced/Program 3/Planning" start="@1415684990110" delta="28" />
  <time id="61" path="/Non Project/PSP Fundamentals &amp; Advanced/Program 3/Design" start="@1415686088471" delta="17" />
  <time id="62" path="/Non Project/PSP Fundamentals &amp; Advanced/Program 3/Code" start="@1415687081743" delta="40" />
  <time id="63" path="/Non Project/PSP Fundamentals &amp; Advanced/Program 3/Planning" start="@1415750369981" delta="34" />
  <time id="64" path="/Non Project/PSP Fundamentals &amp; Advanced/Program 3/Design" start="@1415751221982" delta="48" />
  <time id="65" path="/Non Project/PSP Fundamentals &amp; Advanced/Program 3/Design Review" start="@1415754107231" delta="6" />
  <time id="66" path="/Non Project/PSP Fundamentals &amp; Advanced/Program 3/Code" start="@1415754484497" delta="49" />
  <time id="67" path="/Non Project/PSP Fundamentals &amp; Advanced/Program 3/Code Review" start="@1415757443000" delta="39" />
  <time id="68" path="/Non Project/PSP Fundamentals &amp; Advanced/Program 3/Compile" start="@1415758001419" delta="37" />
  <time id="69" path="/Non Project/PSP Fundamentals &amp; Advanced/Program 3/Test" start="@1415758995131" delta="14" />
  <time id="70" path="/Non Project/PSP Fundamentals &amp; Advanced/Program 3/Code" start="@1415759807748" delta="41" />
  <time id="71" path="/Non Project/PSP Fundamentals &amp; Advanced/Program 3/Test" start="@1415760452528" delta="12" />
  <time id="72" path="/Non Project/PSP Fundamentals &amp; Advanced/Program 4/Planning" start="@1415761664718" delta="32" />
  <time id="73" path="/Non Project/PSP Fundamentals &amp; Advanced/Program 4/Design" start="@1415762355560" delta="48" />
  <time id="74" path="/Non Project/PSP Fundamentals &amp; Advanced/Program 4/Design Review" start="@1415762854471" delta="29" />
  <time id="75" path="/Non Project/PSP Fundamentals &amp; Advanced/Program 4/Design" start="@1415763406455" delta="15" />
  <time id="76" path="/Non Project/PSP Fundamentals &amp; Advanced/Program 4/Code" start="@1415765483742" delta="75" />
  <time id="77" path="/Non Project/PSP Fundamentals &amp; Advanced/Program 4/Compile" start="@1415769978387" delta="43" />
  <time id="78" path="/Non Project/PSP Fundamentals &amp; Advanced/Program 2/Planning" start="@1416110342525" delta="18" />
  <time id="79" path="/Non Project/PSP Fundamentals &amp; Advanced/Program 2/Compile" start="@1416111410109" delta="25" />
  <time id="80" path="/Non Project/PSP Fundamentals &amp; Advanced/Program 2/Test" start="@1416113511208" delta="15" />
  <time id="81" path="/Non Project/PSP Fundamentals &amp; Advanced/Program 2/Test" start="@1416113740631" delta="8" />
  <time id="82" path="/Non Project/PSP Fundamentals &amp; Advanced/Program 2/Test" start="@1416118953854" delta="13" />
  <time id="83" path="/Non Project/PSP Fundamentals &amp; Advanced/Program 2/Postmortem" start="@1416120859239" delta="8" />
  <time id="84" path="/Non Project/PSP Fundamentals &amp; Advanced/Program 3/Planning" start="@1416542837777" delta="2" />
  <time id="85" path="/Non Project/PSP Fundamentals &amp; Advanced/Program 3/Postmortem" start="@1416542939888" delta="13" />
  <time id="86" path="/Non Project/PSP Fundamentals &amp; Advanced/Program 4/Code" start="@1416543172606" delta="23" />
  <time id="87" path="/Non Project/PSP Fundamentals &amp; Advanced/Program 4/Code" start="@1416543343320" delta="3" />
  <time id="88" path="/Non Project/PSP Fundamentals &amp; Advanced/Program 4/Code Review" start="@1416543509769" delta="32" />
  <time id="89" path="/Non Project/PSP Fundamentals &amp; Advanced/Program 4/Test" start="@1416543683938" delta="35" />
  <time id="90" path="/Non Project/PSP Fundamentals &amp; Advanced/Program 4/Postmortem" start="@1416543969079" delta="5" />
</timeLogEntries>
